<?xml version="1.0" encoding="UTF-8"?>
<project-private xmlns="http://www.netbeans.org/ns/project-private/1">
    <editor-bookmarks xmlns="http://www.netbeans.org/ns/editor-bookmarks/2" lastBookmarkId="0"/>
    <open-files xmlns="http://www.netbeans.org/ns/projectui-open-files/2">
        <group>
            <file>file:/C:/WebServers/home/blog/www/controllers/Controller_index.php</file>
            <file>file:/C:/WebServers/home/blog/www/controllers/Controller_user.php</file>
            <file>file:/C:/WebServers/home/blog/www/models/user.php</file>
            <file>file:/C:/WebServers/home/blog/www/views/index.php</file>
            <file>file:/C:/WebServers/home/blog/www/config/routes.php</file>
            <file>file:/C:/WebServers/home/blog/www/models/articles.php</file>
            <file>file:/C:/WebServers/home/blog/www/views/update.php</file>
            <file>file:/C:/WebServers/home/blog/www/views/layouts/header.php</file>
            <file>file:/C:/WebServers/home/blog/www/index.php</file>
            <file>file:/C:/WebServers/home/blog/www/views/add.php</file>
            <file>file:/C:/WebServers/home/blog/www/templates/css/style.css</file>
            <file>file:/C:/WebServers/home/blog/www/views/show_new.php</file>
        </group>
    </open-files>
</project-private>
